{"Bots": {"u1e812bcfc29ed4d9eae95a64a59b9568": true, "uda6d0a9f5ea094c291a5df1987ae8af8": true, "uf2d5b9d84cc7c573804c4869099cc807": true, "ufb0c4197af6db4ecb275288ce8868018": true, "uda6b16a5f44a77af09c07c21e2d7e41d": true, "u658127c615d2fbf898902152f6c54194": true }, "DPicture": false, "LikeOn": true, "Unsend": false, "ablacklist": false, "abots": false, "addadmin": false, "admin": {"u1e812bcfc29ed4d9eae95a64a59b9568": true, "uda6d0a9f5ea094c291a5df1987ae8af8": true, "uf2d5b9d84cc7c573804c4869099cc807": true, "ufb0c4197af6db4ecb275288ce8868018": true, "uda6b16a5f44a77af09c07c21e2d7e41d": true, "u658127c615d2fbf898902152f6c54194": true, "uedefd6f4b7a4766e80a4d0c21bbe2af9": true}, "autoAdd": false, "autoJoin": true, "autoJoinTicket": false, "autoRead": false, "cPicture": {}, "checkPost": false, "checkmid": false, "comment": "autoLike by : LeaBots-VersioN \n\n| READY RENT BOT:\n\n| PROTECTION BOT\n| SELF WAR BOT\n| SELF ONLY\n\n|line.me/ti/p/~zie_rockstar| ", "contact": false, "dblacklist": false, "dbots": false, "deladmin": false, "detectMention": false, "gPicture": {}, "group": {}, "intaPoint": {}, "keyCmd": "", "leaveMsg": {}, "leftmsg": "", "limit": 1, "maxlimit": 1, "mention": "", "message": "", "msgTag": "", "proCancel": {}, "proInvite": {}, "proKick": {}, "proqr": {}, "readMember": {}, "readPoint": {}, "sambutan": "", "selfbot": true, "siderMsg": "", "spamMsg": "", "sticker": false, "welcome": {}}